Pagina,Modelo,GB,Precio_USD,Condicion
VELTRON - LISTA DE PRECIOS,IPHONE 12,128GB,500,Reacondicionado
VELTRON - LISTA DE PRECIOS,IPHONE 12,64 GB,520,Nuevo
VELTRON - LISTA DE PRECIOS,IPHONE 12,128 GB,580,Nuevo
VELTRON - LISTA DE PRECIOS,IPHONE 13,128 GB,600,Nuevo
VELTRON - LISTA DE PRECIOS,IPHONE 14,128 GB,700,Nuevo
VELTRON - LISTA DE PRECIOS,IPHONE 15,128 GB,780,Nuevo
VELTRON - LISTA DE PRECIOS,IPHONE 15,256 GB,920,Nuevo
VELTRON - LISTA DE PRECIOS,IPHONE 16E,128GB,670,Nuevo
VELTRON - LISTA DE PRECIOS,IPHONE 16,128 GB,880,Nuevo
VELTRON - LISTA DE PRECIOS,IPHONE 16,256 GB,1000,Nuevo
VELTRON - LISTA DE PRECIOS,IPHONE 16 PLUS,128 GB,1000,Nuevo
VELTRON - LISTA DE PRECIOS,IPHONE 16 PLUS,256 GB,1100,Nuevo
VELTRON - LISTA DE PRECIOS,IPHONE 16 PRO,128 GB,1050,Nuevo
VELTRON - LISTA DE PRECIOS,IPHONE 16 PRO,256 GB,1150,Nuevo
VELTRON - LISTA DE PRECIOS,IPHONE 16 PRO,512 GB,1350,Nuevo
VELTRON - LISTA DE PRECIOS,IPHONE 16 PRO MAX,256 GB,1250,Nuevo
VELTRON - LISTA DE PRECIOS,IPHONE 16 PRO MAX,512 GB,1480,Nuevo
VELTRON - LISTA DE PRECIOS,IPHONE 16 PRO MAX,1 TB,1700,Nuevo
VELTRON - LISTA DE PRECIOS,IPHONE 11,128 GB,310,Usado
VELTRON - LISTA DE PRECIOS,IPHONE 12,64 GB,320,Usado
VELTRON - LISTA DE PRECIOS,IPHONE 12 PRO MAX,256 GB,500,Usado
VELTRON - LISTA DE PRECIOS,IPHONE 12 PRO,256 GB,450,Usado
VELTRON - LISTA DE PRECIOS,IPHONE 13,128 GB,500,Usado
VELTRON - LISTA DE PRECIOS,IPHONE 13,128 GB,540,Usado
VELTRON - LISTA DE PRECIOS,IPHONE 13 PRO,128GB,480,Usado
VELTRON - LISTA DE PRECIOS,IPHONE 14,128 GB,490,Usado
VELTRON - LISTA DE PRECIOS,IPHONE 14,128 GB,540,Usado
VELTRON - LISTA DE PRECIOS,IPHONE 14,128 GB,570,Usado
VELTRON - LISTA DE PRECIOS,IPHONE 14 PRO MAX,512GB,840,Usado
VELTRON - LISTA DE PRECIOS,IPHONE 15,128 GB,640,Usado
VELTRON - LISTA DE PRECIOS,IPHONE 15,128 GB,670,Usado
VELTRON - LISTA DE PRECIOS,IPHONE 15,128 GB,690,Usado
VELTRON - LISTA DE PRECIOS,IPHONE 15,128 GB,710,Usado
VELTRON - LISTA DE PRECIOS,IPHONE 15 PRO,128 GB,860,Usado
VELTRON - LISTA DE PRECIOS,IPHONE 15 PRO,128 GB,900,Usado
VELTRON - LISTA DE PRECIOS,IPHONE 15 PRO,256 GB,900,Usado
VELTRON - LISTA DE PRECIOS,IPHONE 15 PRO,256 GB,930,Usado
VELTRON - LISTA DE PRECIOS,IPHONE 15 PRO,256 GB,950,Usado
VELTRON - LISTA DE PRECIOS,IPHONE 15 PRO,256 GB,950,Usado
VELTRON - LISTA DE PRECIOS,IPHONE 15 PRO,256 GB,990,Usado
VELTRON - LISTA DE PRECIOS,IPHONE 15 PRO MAX,256 GB,990,Usado
VELTRON - LISTA DE PRECIOS,IPHONE 16,128 GB,790,Usado
TECNOSTORE_ARG,IPHONE 13,128 GB,580,Nuevo
TECNOSTORE_ARG,IPHONE 14,128 GB,680,Nuevo
TECNOSTORE_ARG,IPHONE 15,128 GB,760,Nuevo
TECNOSTORE_ARG,IPHONE 16 E,256 GB,770,Nuevo
TECNOSTORE_ARG,IPHONE 16,128 GB,840,Nuevo
TECNOSTORE_ARG,IPHONE 16 PRO,128 GB,1060,Nuevo
TECNOSTORE_ARG,IPHONE 16 PRO,256 GB,1160,Nuevo
TECNOSTORE_ARG,IPHONE 16 PRO MAX,256 GB,1240,Nuevo
TECNOSTORE_ARG,IPHONE 11,128 GB,300,Usado
TECNOSTORE_ARG,IPHONE 12,128 GB,400,Usado
TECNOSTORE_ARG,IPHONE 12 MINI,128 GB,380,Usado
TECNOSTORE_ARG,IPHONE 12 PRO,256 GB,480,Usado
TECNOSTORE_ARG,IPHONE 12 PRO MAX,256 GB,580,Usado
TECNOSTORE_ARG,IPHONE 13,128 GB,400,Usado
TECNOSTORE_ARG,IPHONE 13,256 GB,600,Usado
TECNOSTORE_ARG,IPHONE 13 MINI,128 GB,500,Usado
TECNOSTORE_ARG,IPHONE 13 PRO,128 GB,500,Usado
TECNOSTORE_ARG,IPHONE 14,128 GB,500,Usado
TECNOSTORE_ARG,IPHONE 15,128 GB,570,Usado
TECNOSTORE_ARG,IPHONE 15,256 GB,630,Usado
TECNOSTORE_ARG,IPHONE 15 PRO,128 GB,730,Usado
TECNOSTORE_ARG,IPHONE 15 PRO,256 GB,800,Usado
TECNOSTORE_ARG,IPHONE 15 PRO,512 GB,930,Usado
TECNOSTORE_ARG,IPHONE 15 PRO MAX,256 GB,950,Usado
MasStore,IPHONE 11,128GB,500,Nuevo
MasStore,IPHONE 12,128GB,530,Nuevo
MasStore,IPHONE 13,128GB,580,Nuevo
MasStore,IPHONE 14,128GB,680,Nuevo
MasStore,IPHONE 15,128GB,760,Nuevo
MasStore,IPHONE 15,256GB,890,Nuevo
MasStore,IPHONE 16,128GB,850,Nuevo
MasStore,IPHONE 16,256GB,1040,Nuevo
MasStore,IPHONE 16 PRO,128GB,1060,Nuevo
MasStore,IPHONE 16 PRO,256GB,1160,Nuevo
MasStore,IPHONE 16 PRO,512GB,1470,Nuevo
MasStore,IPHONE 16 PRO MAX,256GB,1240,Nuevo
MasStore,IPHONE 16 PRO MAX,512GB,1500,Nuevo
MasStore,IPHONE 16 PLUS,128GB,980,Nuevo
MasStore,IPHONE 16 PLUS,256GB,1090,Nuevo
MasStore,IPHONE 16 E,128GB,740,Nuevo
MasStore,IPHONE 16 E,256GB,770,Nuevo
MasStore,IPHONE 11,64GB,240,Usado
MasStore,IPHONE 11,128GB,270,Usado
MasStore,IPHONE 11,128GB,270,Usado
MasStore,IPHONE 11,128GB,270,Usado
MasStore,IPHONE 11,128GB,270,Usado
MasStore,IPHONE 11,128GB,290,Usado
MasStore,IPHONE 13 PRO,128GB,560,Usado
MasStore,IPHONE 14,128GB,540,Usado
MasStore,IPHONE 14,128GB,550,Usado
MasStore,IPHONE 14,128GB,550,Usado
MasStore,IPHONE 15,128GB,670,Usado
MasStore,IPHONE 15,128GB,690,Usado
MasStore,IPHONE 15,128GB,690,Usado
MasStore,IPHONE 15,128GB,690,Usado
MasStore,IPHONE 15 PRO,128GB,850,Usado
iPhoneShop,IPHONE 13,128GB,580,Nuevo
iPhoneShop,IPHONE 14,128GB,680,Nuevo
iPhoneShop,IPHONE 15,128GB,780,Nuevo
iPhoneShop,IPHONE 16,128GB,860,Nuevo
iPhoneShop,IPHONE 16 PRO,128GB,1060,Nuevo
iPhoneShop,IPHONE 16 PRO,256GB,1160,Nuevo
iPhoneShop,IPHONE 16 PRO MAX,256GB,1250,Nuevo
iPhoneShop,IPHONE 16 PRO MAX,512GB,1550,Nuevo
iPhoneShop,IPHONE 11,128GB,300,Usado
iPhoneShop,IPHONE 13 PRO MAX,256GB,720,Usado
iPhoneShop,IPHONE 14 PRO MAX,128GB,780,Usado
CEBRA PHONE,IPHONE XR,64 GB,350,Reacondicionado
CEBRA PHONE,IPHONE 11,64 GB,430,Reacondicionado
CEBRA PHONE,IPHONE 11,64 GB,460,Nuevo
CEBRA PHONE,IPHONE 11,128 GB,490,Nuevo
CEBRA PHONE,IPHONE 11 PRO,64 GB,490,Reacondicionado
CEBRA PHONE,IPHONE 12 MINI,128 GB,480,Reacondicionado
CEBRA PHONE,IPHONE 12 MINI,256 GB,510,Reacondicionado
CEBRA PHONE,IPHONE 12,64 GB,500,Nuevo
CEBRA PHONE,IPHONE 12,128 GB,580,Nuevo
CEBRA PHONE,IPHONE 12,256 GB,550,Reacondicionado
CEBRA PHONE,IPHONE 13,128 GB,590,Nuevo
CEBRA PHONE,IPHONE 13 PRO MAX,256 GB,930,Reacondicionado
CEBRA PHONE,IPHONE 14,128 GB,690,Nuevo
CEBRA PHONE,IPHONE 15,128 GB,760,Nuevo
CEBRA PHONE,IPHONE 16 E,128 GB,650,Nuevo
CEBRA PHONE,IPHONE 16 E,256 GB,770,Nuevo
CEBRA PHONE,IPHONE 16,128 GB,860,Nuevo
CEBRA PHONE,IPHONE 16,256 GB,980,Nuevo
CEBRA PHONE,IPHONE 16 PLUS,128 GB,950,Open Box
CEBRA PHONE,IPHONE 16 PLUS,128 GB,980,Nuevo
CEBRA PHONE,IPHONE 16 PRO,128 GB,1020,Open Box
CEBRA PHONE,IPHONE 16 PRO,128 GB,1050,Nuevo
CEBRA PHONE,IPHONE 16 PRO,256 GB,1150,Nuevo
CEBRA PHONE,IPHONE 16 PRO MAX,256 GB,1250,Nuevo
CEBRA PHONE,IPHONE 16 PRO,512 GB,1330,Nuevo
CEBRA PHONE,IPHONE 16 PRO MAX,512 GB,1530,Nuevo
CEBRA PHONE,IPHONE 15,128 GB,570,Usado
CEBRA PHONE,IPHONE 14 PRO MAX,128 GB,700,Usado
CEBRA PHONE,IPHONE 14 PRO,128 GB,630,Usado
CEBRA PHONE,IPHONE 13 PRO MAX,128 GB,600,Usado
CEBRA PHONE,IPHONE 13 PRO,128 GB,520,Usado
CEBRA PHONE,IPHONE 14,128 GB,480,Usado
CEBRA PHONE,IPHONE 12,256 GB,390,Usado
CEBRA PHONE,IPHONE 12,128 GB,360,Usado
CEBRA PHONE,IPHONE 12,64 GB,330,Usado
CEBRA PHONE,IPHONE 13 MINI,128 GB,400,Usado
CEBRA PHONE,IPHONE 12 MINI,128 GB,330,Usado
CEBRA PHONE,IPHONE 12 MINI,64 GB,310,Usado
CEBRA PHONE,IPHONE 11 PRO MAX,256 GB,400,Usado
CEBRA PHONE,IPHONE 11 PRO MAX,64 GB,380,Usado
CEBRA PHONE,IPHONE 11 PRO,256 GB,420,Usado
CEBRA PHONE,IPHONE 11 PRO,64 GB,330,Usado
CEBRA PHONE,IPHONE 11,128 GB,330,Usado
CEBRA PHONE,IPHONE 11,64 GB,300,Usado
CEBRA PHONE,IPHONE XS,64 GB,230,Usado
CEBRA PHONE,IPHONE XR,128 GB,240,Usado
CEBRA PHONE,IPHONE XR,64 GB,220,Usado
CEBRA PHONE,IPHONE X,256 GB,230,Usado
CEBRA PHONE,IPHONE X,64 GB,210,Usado
CEBRA PHONE,IPHONE SE 2020,128 GB,220,Usado
CEBRA PHONE,IPHONE SE 2020,64 GB,200,Usado
CEBRA PHONE,IPHONE 8 PLUS,256 GB,200,Usado
CEBRA PHONE,IPHONE 8 PLUS,64 GB,180,Usado
CEBRA PHONE,IPHONE 8,64 GB,150,Usado
